{
  "北海道": [
    43.064615,
    141.346807
  ],
  "青森": [
    40.824308,
    140.739998
  ],
  "岩手": [
    39.703619,
    141.152684
  ],
  "宮城": [
    38.268837,
    140.8721
  ],
  "秋田": [
    39.718614,
    140.102364
  ],
  "山形": [
    38.240436,
    140.363633
  ],
  "福島": [
    37.750299,
    140.467551
  ],
  "茨城": [
    36.341811,
    140.446793
  ],
  "栃木": [
    36.565725,
    139.883565
  ],
  "群馬": [
    36.390668,
    139.060406
  ],
  "埼玉": [
    35.856999,
    139.648849
  ],
  "千葉": [
    35.605057,
    140.123306
  ],
  "東京": [
    35.689488,
    139.691706
  ],
  "神奈川": [
    35.447507,
    139.642345
  ],
  "新潟": [
    37.902552,
    139.023095
  ],
  "富山": [
    36.695291,
    137.211338
  ],
  "石川": [
    36.594682,
    136.625573
  ],
  "福井": [
    36.065178,
    136.221527
  ],
  "山梨": [
    35.664158,
    138.568449
  ],
  "長野": [
    36.651299,
    138.180956
  ],
  "岐阜": [
    35.391227,
    136.722291
  ],
  "静岡": [
    34.97712,
    138.383084
  ],
  "愛知": [
    35.180188,
    136.906565
  ],
  "三重": [
    34.730283,
    136.508588
  ],
  "滋賀": [
    35.004531,
    135.86859
  ],
  "京都": [
    35.021247,
    135.755597
  ],
  "大阪": [
    34.686297,
    135.519661
  ],
  "兵庫": [
    34.691269,
    135.183071
  ],
  "奈良": [
    34.685334,
    135.832742
  ],
  "和歌山": [
    34.225987,
    135.167509
  ],
  "鳥取": [
    35.503891,
    134.237736
  ],
  "島根": [
    35.472295,
    133.0505
  ],
  "岡山": [
    34.661751,
    133.934406
  ],
  "広島": [
    34.39656,
    132.459622
  ],
  "山口": [
    34.185956,
    131.470649
  ],
  "徳島": [
    34.065718,
    134.55936
  ],
  "香川": [
    34.340149,
    134.043444
  ],
  "愛媛": [
    33.841624,
    132.765681
  ],
  "高知": [
    33.559706,
    133.531079
  ],
  "福岡": [
    33.606576,
    130.418297
  ],
  "佐賀": [
    33.249442,
    130.299794
  ],
  "長崎": [
    32.744839,
    129.873756
  ],
  "熊本": [
    32.789827,
    130.741667
  ],
  "大分": [
    33.238172,
    131.612619
  ],
  "宮崎": [
    31.911096,
    131.423893
  ],
  "鹿児島": [
    31.560146,
    130.557978
  ],
  "沖縄": [
    26.2124,
    127.680932
  ]
}
